<?xml version="1.0" encoding="UTF-8"?>
<project-private xmlns="http://www.netbeans.org/ns/project-private/1">
    <editor-bookmarks xmlns="http://www.netbeans.org/ns/editor-bookmarks/2" lastBookmarkId="0"/>
    <open-files xmlns="http://www.netbeans.org/ns/projectui-open-files/2">
        <group>
            <file>file:/C:/Users/omalleym/OneDrive%20-%20CQUniversity/Documents/NetBeansProjects/W06PhoneListApp/src/w06phonelistapp/FXMLDocumentController.java</file>
            <file>file:/C:/Users/omalleym/OneDrive%20-%20CQUniversity/Documents/NetBeansProjects/W06PhoneListApp/src/w06phonelistapp/W06PhoneListApp.java</file>
            <file>file:/C:/Users/omalleym/OneDrive%20-%20CQUniversity/Documents/NetBeansProjects/W06PhoneListApp/src/w06phonelistapp/Utility.java</file>
            <file>file:/C:/Users/omalleym/OneDrive%20-%20CQUniversity/Documents/NetBeansProjects/W06PhoneListApp/src/w06phonelistapp/FXMLDocument.fxml</file>
            <file>file:/C:/Users/omalleym/OneDrive%20-%20CQUniversity/Documents/NetBeansProjects/W06PhoneListApp/src/w06phonelistapp/AddPhoneFXMLController.java</file>
            <file>file:/C:/Users/omalleym/OneDrive%20-%20CQUniversity/Documents/NetBeansProjects/W06PhoneListApp/src/w06phonelistapp/DisplayPhoneFXML.fxml</file>
            <file>file:/C:/Users/omalleym/OneDrive%20-%20CQUniversity/Documents/NetBeansProjects/W06PhoneListApp/src/w06phonelistapp/DisplayPhoneFXMLController.java</file>
            <file>file:/C:/Users/omalleym/OneDrive%20-%20CQUniversity/Documents/NetBeansProjects/W06PhoneListApp/src/w06phonelistapp/AddPhoneFXML.fxml</file>
        </group>
    </open-files>
</project-private>
