<?xml version="1.0" encoding="UTF-8"?>
<project-private xmlns="http://www.netbeans.org/ns/project-private/1">
    <editor-bookmarks xmlns="http://www.netbeans.org/ns/editor-bookmarks/2" lastBookmarkId="0"/>
    <open-files xmlns="http://www.netbeans.org/ns/projectui-open-files/2">
        <group>
            <file>file:/C:/Users/omalleym/OneDrive%20-%20CQUniversity/Documents/NetBeansProjects/W09AllExpenses/src/w09allexpenses/Tour.java</file>
            <file>file:/C:/Users/omalleym/OneDrive%20-%20CQUniversity/Documents/NetBeansProjects/W09AllExpenses/src/w09allexpenses/AllExpense.java</file>
            <file>file:/C:/Users/omalleym/OneDrive%20-%20CQUniversity/Documents/NetBeansProjects/W09AllExpenses/src/w09allexpenses/Study.java</file>
            <file>file:/C:/Users/omalleym/OneDrive%20-%20CQUniversity/Documents/NetBeansProjects/W09AllExpenses/src/w09allexpenses/W09AllExpenses.java</file>
            <file>file:/C:/Users/omalleym/OneDrive%20-%20CQUniversity/Documents/NetBeansProjects/W09AllExpenses/src/w09allexpenses/Needable.java</file>
        </group>
    </open-files>
</project-private>
