<?xml version="1.0" encoding="UTF-8"?>
<project-private xmlns="http://www.netbeans.org/ns/project-private/1">
    <open-files xmlns="http://www.netbeans.org/ns/projectui-open-files/2">
        <group>
            <file>file:/C:/Users/omalleym/OneDrive%20-%20CQUniversity/Documents/NetBeansProjects/EmployeeProj/src/Employee.java</file>
            <file>file:/C:/Users/omalleym/OneDrive%20-%20CQUniversity/Documents/NetBeansProjects/EmployeeProj/src/EmployeeTester.java</file>
        </group>
    </open-files>
</project-private>
