<?xml version="1.0" encoding="UTF-8"?>
<project-private xmlns="http://www.netbeans.org/ns/project-private/1">
    <editor-bookmarks xmlns="http://www.netbeans.org/ns/editor-bookmarks/2" lastBookmarkId="0"/>
    <open-files xmlns="http://www.netbeans.org/ns/projectui-open-files/2">
        <group>
            <file>file:/C:/Users/omalleym/OneDrive%20-%20CQUniversity/Documents/NetBeansProjects/W05VehicleOwnerApp/src/w05vehicleownerapp/Product.java</file>
            <file>file:/C:/Users/omalleym/OneDrive%20-%20CQUniversity/Documents/NetBeansProjects/W05VehicleOwnerApp/src/w05vehicleownerapp/FXMLDocument.fxml</file>
            <file>file:/C:/Users/omalleym/OneDrive%20-%20CQUniversity/Documents/NetBeansProjects/W05VehicleOwnerApp/src/w05vehicleownerapp/ProductDisplayAllFXML.fxml</file>
            <file>file:/C:/Users/omalleym/OneDrive%20-%20CQUniversity/Documents/NetBeansProjects/W05VehicleOwnerApp/src/w05vehicleownerapp/ProductFXML.fxml</file>
            <file>file:/C:/Users/omalleym/OneDrive%20-%20CQUniversity/Documents/NetBeansProjects/W05VehicleOwnerApp/src/w05vehicleownerapp/FXMLDocumentController.java</file>
            <file>file:/C:/Users/omalleym/OneDrive%20-%20CQUniversity/Documents/NetBeansProjects/W05VehicleOwnerApp/src/w05vehicleownerapp/W05VehicleOwnerApp.java</file>
            <file>file:/C:/Users/omalleym/OneDrive%20-%20CQUniversity/Documents/NetBeansProjects/W05VehicleOwnerApp/src/w05vehicleownerapp/ProductFXMLController.java</file>
        </group>
    </open-files>
</project-private>
