<?xml version="1.0" encoding="UTF-8"?>
<project-private xmlns="http://www.netbeans.org/ns/project-private/1">
    <editor-bookmarks xmlns="http://www.netbeans.org/ns/editor-bookmarks/2" lastBookmarkId="0"/>
    <open-files xmlns="http://www.netbeans.org/ns/projectui-open-files/2">
        <group>
            <file>file:/C:/Users/omalleym/OneDrive%20-%20CQUniversity/Documents/NetBeansProjects/W08LoanComparisonApp/src/w08loancomparisonapp/IExitable.java</file>
            <file>file:/C:/Users/omalleym/OneDrive%20-%20CQUniversity/Documents/NetBeansProjects/W08LoanComparisonApp/src/w08loancomparisonapp/Loan.java</file>
            <file>file:/C:/Users/omalleym/OneDrive%20-%20CQUniversity/Documents/NetBeansProjects/W08LoanComparisonApp/src/w08loancomparisonapp/FXMLDocument.fxml</file>
            <file>file:/C:/Users/omalleym/OneDrive%20-%20CQUniversity/Documents/NetBeansProjects/W08LoanComparisonApp/src/w08loancomparisonapp/W08LoanComparisonApp.java</file>
            <file>file:/C:/Users/omalleym/OneDrive%20-%20CQUniversity/Documents/NetBeansProjects/W08LoanComparisonApp/src/w08loancomparisonapp/FXMLDocumentController.java</file>
        </group>
    </open-files>
</project-private>
